,What is the meaning of life?,What is the purpose of existence?,How do I bake a cake?
What is the meaning of life?,1.0,0.9417085473511044,0.767552703071341
What is the purpose of existence?,0.9417085473511044,1.0,0.7470953856893091
How do I bake a cake?,0.767552703071341,0.7470953856893091,0.9999999999999993
